<!-- Just some XML I found online -->

<?xml version="1.0" encoding="ISO-8859-1"?>
<CATALOG>
    <CD>
        <TITLE>When a man loves a woman</TITLE>
        <ARTIST>Percy Sledge</ARTIST>
        <COUNTRY>USA</COUNTRY>
        <COMPANY>Atlantic</COMPANY>
        <PRICE>8.70</PRICE>
        <YEAR>1987</YEAR>
    </CD>
    <CD>
        <TITLE>Bridge of Spies</TITLE>
        <ARTIST>T'Pau</ARTIST>
        <COUNTRY>UK</COUNTRY>
        <COMPANY>Siren</COMPANY>
        <PRICE>7.90</PRICE>
        <YEAR>1987</YEAR>
    </CD>
    <CD>
        <TITLE>Private Dancer</TITLE>
        <ARTIST>Tina Turner</ARTIST>
        <COUNTRY>UK</COUNTRY>
        <COMPANY>Capitol</COMPANY>
        <PRICE>8.90</PRICE>
        <YEAR>1983</YEAR>
    </CD>
    <CD>
        <TITLE>Midt om natten</TITLE>
        <ARTIST>Kim Larsen</ARTIST>
        <COUNTRY>EU</COUNTRY>
        <COMPANY>Medley</COMPANY>
        <PRICE>7.80</PRICE>
        <YEAR>1983</YEAR>
    </CD>
    <CD>
        <TITLE>Pavarotti Gala Concert</TITLE>
        <ARTIST>Luciano Pavarotti</ARTIST>
        <COUNTRY>UK</COUNTRY>
        <COMPANY>DECCA</COMPANY>
        <PRICE>9.90</PRICE>
        <YEAR>1991</YEAR>
    </CD>
    <CD>
        <TITLE>The dock of the bay</TITLE>
        <ARTIST>Otis Redding</ARTIST>
        <COUNTRY>USA</COUNTRY>
        <COMPANY>Atlantic</COMPANY>
        <PRICE>7.90</PRICE>
        <YEAR>1987</YEAR>
    </CD>
    <CD>
        <TITLE>Picture book</TITLE>
        <ARTIST>Simply Red</ARTIST>
        <COUNTRY>EU</COUNTRY>
        <COMPANY>Elektra</COMPANY>
        <PRICE>7.20</PRICE>
        <YEAR>1985</YEAR>
    </CD>
    <CD>
        <TITLE>Red</TITLE>
        <ARTIST>The Communards</ARTIST>
        <COUNTRY>UK</COUNTRY>
        <COMPANY>London</COMPANY>
        <PRICE>7.80</PRICE>
        <YEAR>1987</YEAR>
    </CD>
    <CD>
        <TITLE>Unchain my heart</TITLE>
        <ARTIST>Joe Cocker</ARTIST>
        <COUNTRY>USA</COUNTRY>
        <COMPANY>EMI</COMPANY>
        <PRICE>8.20</PRICE>
        <YEAR>1987</YEAR>
    </CD>
</CATALOG>
